
#Sample Data: 500+ Rows
#names, branches, and transactions

INSERT INTO Branches VALUES 
(1, 'Riyadh Central', 'Riyadh'),
(2, 'Jeddah North', 'Jeddah'),
(3, 'Dammam East', 'Dammam'),
(4, 'Makkah South', 'Makkah'),
(5, 'Medina West', 'Medina');


INSERT INTO Customers (customer_id, name, email, phone, address) VALUES
(101, 'Ali Khan', 'ali101@example.com', '0551000001', 'Riyadh'),
(102, 'Sara Ahmed', 'sara102@example.com', '0551000002', 'Jeddah'),
(103, 'Omar Farooq', 'omar103@example.com', '0551000003', 'Dammam'),
(104, 'Layla Hassan', 'layla104@example.com', '0551000004', 'Makkah'),
(105, 'Yusuf Ali', 'yusuf105@example.com', '0551000005', 'Medina'),
(106, 'Amina Khalid', 'amina106@example.com', '0551000006', 'Riyadh'),
(107, 'Karim Zaid', 'karim107@example.com', '0551000007', 'Jeddah'),
(108, 'Noura Faisal', 'noura108@example.com', '0551000008', 'Dammam'),
(109, 'Tariq Mehmood', 'tariq109@example.com', '0551000009', 'Makkah'),
(110, 'Zainab Raza', 'zainab110@example.com', '0551000010', 'Medina'),
(111, 'Fahad Saleem', 'fahad111@example.com', '0551000011', 'Riyadh'),
(112, 'Huda Nasser', 'huda112@example.com', '0551000012', 'Jeddah'),
(113, 'Imran Basha', 'imran113@example.com', '0551000013', 'Dammam'),
(114, 'Sana Javed', 'sana114@example.com', '0551000014', 'Makkah'),
(115, 'Rashid Abbas', 'rashid115@example.com', '0551000015', 'Medina'),
(116, 'Mariam Tariq', 'mariam116@example.com', '0551000016', 'Riyadh'),
(117, 'Zaid Rahman', 'zaid117@example.com', '0551000017', 'Jeddah'),
(118, 'Bushra Imran', 'bushra118@example.com', '0551000018', 'Dammam'),
(119, 'Nasir Hussain', 'nasir119@example.com', '0551000019', 'Makkah'),
(120, 'Ayesha Malik', 'ayesha120@example.com', '0551000020', 'Medina'),
(121, 'Khalid Mehmood', 'khalid121@example.com', '0551000021', 'Riyadh'),
(122, 'Noor Abbas', 'noor122@example.com', '0551000022', 'Jeddah'),
(123, 'Samir Hassan', 'samir123@example.com', '0551000023', 'Dammam'),
(124, 'Dina Ali', 'dina124@example.com', '0551000024', 'Makkah'),
(125, 'Ahmed Tawfiq', 'ahmed125@example.com', '0551000025', 'Medina'),
(126, 'Layla Karim', 'layla126@example.com', '0551000026', 'Riyadh'),
(127, 'Yusuf Nasser', 'yusuf127@example.com', '0551000027', 'Jeddah'),
(128, 'Amina Zaid', 'amina128@example.com', '0551000028', 'Dammam'),
(129, 'Omar Imran', 'omar129@example.com', '0551000029', 'Makkah'),
(130, 'Sara Khalid', 'sara130@example.com', '0551000030', 'Medina'),
(131, 'Tariq Abbas', 'tariq131@example.com', '0551000031', 'Riyadh'),
(132, 'Zainab Mehmood', 'zainab132@example.com', '0551000032', 'Jeddah'),
(133, 'Fahad Hassan', 'fahad133@example.com', '0551000033', 'Dammam'),
(134, 'Huda Karim', 'huda134@example.com', '0551000034', 'Makkah'),
(135, 'Imran Ali', 'imran135@example.com', '0551000035', 'Medina'),
(136, 'Sana Tawfiq', 'sana136@example.com', '0551000036', 'Riyadh'),
(137, 'Rashid Nasser', 'rashid137@example.com', '0551000037', 'Jeddah'),
(138, 'Mariam Zaid', 'mariam138@example.com', '0551000038', 'Dammam'),
(139, 'Zaid Imran', 'zaid139@example.com', '0551000039', 'Makkah'),
(140, 'Bushra Khalid', 'bushra140@example.com', '0551000040', 'Medina'),
(141, 'Nasir Abbas', 'nasir141@example.com', '0551000041', 'Riyadh'),
(142, 'Ayesha Hassan', 'ayesha142@example.com', '0551000042', 'Jeddah'),
(143, 'Khalid Ali', 'khalid143@example.com', '0551000043', 'Dammam'),
(144, 'Noor Mehmood', 'noor144@example.com', '0551000044', 'Makkah'),
(145, 'Samir Tawfiq', 'samir145@example.com', '0551000045', 'Medina'),
(146, 'Dina Nasser', 'dina146@example.com', '0551000046', 'Riyadh'),
(147, 'Ahmed Karim', 'ahmed147@example.com', '0551000047', 'Jeddah'),
(148, 'Layla Imran', 'layla148@example.com', '0551000048', 'Dammam'),
(149, 'Yusuf Zaid', 'yusuf149@example.com', '0551000049', 'Makkah'),
(150, 'Amina Khalid', 'amina150@example.com', '0551000050', 'Medina');


INSERT INTO Accounts VALUES
(151, 101, 1, 'Savings', 5000.00),
(152, 102, 2, 'Current', 12000.00),
(153, 103, 3, 'Savings', 8000.00),
(154, 104, 4, 'Current', 15000.00),
(155, 105, 5, 'Savings', 6000.00),
(156, 106, 1, 'Current', 9000.00),
(157, 107, 2, 'Savings', 11000.00),
(158, 108, 3, 'Current', 13000.00),
(159, 109, 4, 'Savings', 7500.00),
(160, 110, 5, 'Current', 14000.00),
(161, 111, 1, 'Savings', 4500.00),
(162, 112, 2, 'Current', 10500.00),
(163, 113, 3, 'Savings', 9200.00),
(164, 114, 4, 'Current', 16000.00),
(165, 115, 5, 'Savings', 5800.00),
(166, 116, 1, 'Current', 8800.00),
(167, 117, 2, 'Savings', 10200.00),
(168, 118, 3, 'Current', 12500.00),
(169, 119, 4, 'Savings', 6700.00),
(170, 120, 5, 'Current', 13500.00),
(171, 121, 1, 'Savings', 5000.00),
(172, 122, 2, 'Current', 11000.00),
(173, 123, 3, 'Savings', 7800.00),
(174, 124, 4, 'Current', 14000.00),
(175, 125, 5, 'Savings', 6200.00),
(176, 126, 1, 'Current', 9500.00),
(177, 127, 2, 'Savings', 10800.00),
(178, 128, 3, 'Current', 13200.00),
(179, 129, 4, 'Savings', 7000.00),
(180, 130, 5, 'Current', 14500.00);

INSERT INTO Employees VALUES
(181, 'Khalid Al-Farsi', 'Manager', 1),
(182, 'Noor Al-Sayed', 'Teller', 2),
(183, 'Samir Abbas', 'Loan Officer', 3),
(184, 'Dina Khalil', 'Manager', 4),
(185, 'Ahmed Tawfiq', 'Teller', 5),
(186, 'Layla Karim', 'Teller', 1),
(187, 'Yusuf Nasser', 'Loan Officer', 2),
(188, 'Amina Zaid', 'Manager', 3),
(189, 'Omar Imran', 'Teller', 4),
(190, 'Sara Khalid', 'Loan Officer', 5);


INSERT INTO Loans VALUES
(191, 101, 50000.00, 4.50, '2024-01-01', '2027-01-01'),
(192, 102, 75000.00, 5.00, '2024-03-15', '2027-03-15'),
(193, 103, 60000.00, 4.75, '2024-02-20', '2027-02-20'),
(194, 104, 100000.00, 5.25, '2024-05-10', '2028-05-10'),
(195, 105, 40000.00, 4.25, '2024-04-05', '2027-04-05'),
(196, 106, 55000.00, 4.60, '2024-06-01', '2027-06-01'),
(197, 107, 80000.00, 5.10, '2024-07-15', '2027-07-15'),
(198, 108, 65000.00, 4.80, '2024-08-20', '2027-08-20'),
(199, 109, 90000.00, 5.30, '2024-09-10', '2028-09-10'),
(200, 110, 45000.00, 4.30, '2024-10-05', '2027-10-05');



INSERT INTO Transactions (account_id, transaction_type, amount, transaction_date) VALUES
(151, 'Deposit', 1000.00, '2025-08-01'),
(152, 'Withdrawal', 2000.00, '2025-08-02'),
(151, 'Withdrawal', 500.00, '2025-08-03'),
(153, 'Deposit', 1500.00, '2025-08-04'),
(154, 'Transfer', 3000.00, '2025-08-05'),
(155, 'Deposit', 2000.00, '2025-08-06'),
(156, 'Withdrawal', 1000.00, '2025-08-07'),
(157, 'Deposit', 2500.00, '2025-08-08'),
(158, 'Transfer', 4000.00, '2025-08-09'),
(159, 'Withdrawal', 700.00, '2025-08-10'),
(160, 'Deposit', 3000.00, '2025-08-11'),
(161, 'Deposit', 1200.00, '2025-08-12'),
(162, 'Withdrawal', 800.00, '2025-08-13'),
(163, 'Transfer', 2200.00, '2025-08-14'),
(164, 'Deposit', 1800.00, '2025-08-15'),
(165, 'Withdrawal', 600.00, '2025-08-16'),
(166, 'Deposit', 900.00, '2025-08-17'),
(167, 'Transfer', 1500.00, '2025-08-18'),
(168, 'Deposit', 2100.00, '2025-08-19'),
(169, 'Withdrawal', 1300.00, '2025-08-20');

